product,segment,country,year,month_name,total_units_sold,total_gross_sales,total_discounts,total_net_sales,total_cogs,total_profit,profit_margin_pct,margin_category
Carretera,Government,Germany,2014,December,1793.0,531510.0,274.4,531235.6,394780.0,136455.6,25.69,High Margin
Montana,Midmarket,Germany,2014,March,921.0,13815.0,0.0,13815.0,9210.0,4605.0,33.33,High Margin
Montana,Small Business,Mexico,2014,August,958.0,287400.0,0.0,287400.0,239500.0,47900.0,16.67,Medium Margin
Montana,Government,Germany,2014,September,2146.0,15022.0,0.0,15022.0,10730.0,4292.0,28.57,High Margin
Paseo,Midmarket,Mexico,2014,February,974.0,14610.0,0.0,14610.0,9740.0,4870.0,33.33,High Margin
Paseo,Midmarket,France,2013,September,549.0,8235.0,0.0,8235.0,5490.0,2745.0,33.33,High Margin
Paseo,Midmarket,Mexico,2014,September,2472.0,37080.0,0.0,37080.0,24720.0,12360.0,33.33,High Margin
Paseo,Government,United States of America,2014,October,1143.0,8001.0,0.0,8001.0,5715.0,2286.0,28.57,High Margin
Velo,Government,Mexico,2014,January,1493.0,10451.0,0.0,10451.0,7465.0,2986.0,28.57,High Margin
Amarilla,Government,United States of America,2014,October,1143.0,8001.0,0.0,8001.0,5715.0,2286.0,28.57,High Margin
Paseo,Government,France,2014,January,3945.0,27615.0,276.15,27338.850000000002,19725.0,7613.850000000002,27.85,High Margin
Paseo,Midmarket,France,2014,February,2296.0,34440.0,344.4,34095.6,22960.0,11135.599999999999,32.66,High Margin
Velo,Government,France,2014,November,639.0,4473.0,44.73,4428.27,3195.0,1233.2700000000004,27.85,High Margin
Carretera,Government,Mexico,2014,March,1210.0,423500.0,4235.0,419265.0,314600.0,104665.0,24.96,High Margin
Carretera,Channel Partners,Germany,2013,October,766.0,9192.0,91.92,9100.08,2298.0,6802.08,74.75,High Margin
Montana,Small Business,United States of America,2013,September,2498.0,749400.0,7494.0,741906.0,624500.0,117406.0,15.82,Medium Margin
Paseo,Enterprise,Mexico,2014,July,1823.0,227875.0,2278.75,225596.25,218760.0,6836.25,3.03,Low Margin
Paseo,Channel Partners,Germany,2013,October,766.0,9192.0,91.92,9100.08,2298.0,6802.08,74.75,High Margin
Velo,Enterprise,Canada,2014,August,923.0,115375.0,1153.75,114221.25,110760.0,3461.25,3.03,Low Margin
Velo,Enterprise,United States of America,2013,October,663.0,82875.0,828.75,82046.25,79560.0,2486.25,3.03,Low Margin
VTT,Enterprise,France,2014,June,787.0,98375.0,983.75,97391.25,94440.0,2951.25,3.03,Low Margin
VTT,Small Business,Germany,2014,September,986.0,295800.0,2958.0,292842.0,246500.0,46342.0,15.82,Medium Margin
Carretera,Channel Partners,Canada,2014,October,1295.0,15540.0,310.8,15229.2,3885.0,11344.2,74.49,High Margin
Carretera,Government,France,2013,November,2145.0,15015.0,300.3,14714.7,10725.0,3989.7000000000007,27.11,High Margin
Montana,Channel Partners,United States of America,2014,June,1142.0,13704.0,274.08,13429.92,3426.0,10003.92,74.49,High Margin
Montana,Government,United States of America,2014,October,1566.0,31320.0,626.4,30693.6,15660.0,15033.599999999999,48.98,High Margin
Montana,Channel Partners,Mexico,2014,November,690.0,8280.0,165.6,8114.4,2070.0,6044.4,74.49,High Margin
Paseo,Small Business,Germany,2014,May,1728.0,518400.0,10368.0,508032.0,432000.0,76032.0,14.97,Medium Margin
Paseo,Channel Partners,France,2014,December,1055.0,12660.0,253.2,12406.8,3165.0,9241.8,74.49,High Margin
Paseo,Channel Partners,Mexico,2014,December,1084.0,13008.0,260.16,12747.84,3252.0,9495.84,74.49,High Margin
VTT,Enterprise,Canada,2014,December,2729.0,341125.0,6822.5,334302.5,327480.0,6822.5,2.04,Low Margin
VTT,Government,United States of America,2013,December,266.0,93100.0,1862.0,91238.0,69160.0,22078.0,24.2,High Margin
Amarilla,Small Business,Mexico,2014,March,1101.0,330300.0,6606.0,323694.0,275250.0,48444.0,14.97,Medium Margin
Amarilla,Government,France,2014,November,941.0,18820.0,376.4,18443.6,9410.0,9033.599999999999,48.98,High Margin
Carretera,Channel Partners,Canada,2013,December,908.0,10896.0,326.88,10569.12,2724.0,7845.120000000001,74.23,High Margin
Montana,Government,Germany,2014,February,1958.0,13706.0,411.18,13294.82,9790.0,3504.8199999999997,26.36,High Margin
Paseo,Enterprise,Germany,2014,June,1570.0,196250.0,5887.5,190362.5,188400.0,1962.5,1.03,Low Margin
Velo,Enterprise,Canada,2014,October,2009.0,251125.0,7533.75,243591.25,241080.0,2511.25,1.03,Low Margin
Paseo,Midmarket,France,2013,December,2261.0,33915.0,1356.6,32558.4,22610.0,9948.400000000001,30.56,High Margin
Carretera,Government,United States of America,2014,December,844.0,99890.0,4035.5,95854.5,74090.0,21764.5,22.71,High Margin
Montana,Small Business,Germany,2014,August,1859.0,557700.0,22308.0,535392.0,464750.0,70642.0,13.19,Medium Margin
Montana,Small Business,Germany,2014,October,2021.0,606300.0,24252.0,582048.0,505250.0,76798.0,13.19,Medium Margin
Paseo,Small Business,United States of America,2014,May,2918.0,875400.0,35016.0,840384.0,729500.0,110884.0,13.19,Medium Margin
Velo,Government,Canada,2013,September,2646.0,52920.0,2116.8,50803.2,26460.0,24343.199999999997,47.92,High Margin
VTT,Channel Partners,France,2014,May,866.0,10392.0,415.68,9976.32,2598.0,7378.32,73.96,High Margin
VTT,Government,United States of America,2013,September,349.0,122150.0,4886.0,117264.0,90740.0,26524.0,22.62,High Margin
Amarilla,Enterprise,Mexico,2014,April,1074.0,134250.0,5370.0,128880.0,128880.0,0.0,0.0,Low Margin
Paseo,Government,Germany,2014,January,1372.0,9604.0,480.2,9123.8,6860.0,2263.7999999999993,24.81,High Margin
Paseo,Channel Partners,Canada,2014,December,2431.0,29172.0,1458.6,27713.4,7293.0,20420.4,73.68,High Margin
Velo,Channel Partners,Canada,2014,December,2431.0,29172.0,1458.6,27713.4,7293.0,20420.4,73.68,High Margin
Amarilla,Channel Partners,Mexico,2014,August,1123.0,13476.0,673.8,12802.2,3369.0,9433.2,73.68,High Margin
Carretera,Government,Germany,2013,November,1016.0,7112.0,355.6,6756.4,5080.0,1676.3999999999996,24.81,High Margin
Montana,Channel Partners,Germany,2014,November,2342.0,28104.0,1405.2,26698.8,7026.0,19672.8,73.68,High Margin
Montana,Small Business,Mexico,2013,December,1100.0,330000.0,16500.0,313500.0,275000.0,38500.0,12.28,Medium Margin
Paseo,Government,United States of America,2014,June,602.0,210700.0,10535.0,200165.0,156520.0,43645.0,21.8,High Margin
Paseo,Midmarket,France,2014,September,2620.0,39300.0,1965.0,37335.0,26200.0,11135.0,29.82,High Margin
Paseo,Enterprise,France,2013,October,704.0,88000.0,4400.0,83600.0,84480.0,-880.0,-1.05,Low Margin
Paseo,Government,France,2013,December,2136.0,14952.0,747.6,14204.4,10680.0,3524.3999999999996,24.81,High Margin
Velo,Government,France,2013,December,1033.0,20660.0,1033.0,19627.0,10330.0,9297.0,47.37,High Margin
VTT,Government,United States of America,2014,December,3233.0,57250.0,2862.5,54387.5,29480.0,24907.5,45.8,High Margin
VTT,Government,France,2014,December,2780.0,23269.0,1749.45,21519.55,15365.0,6154.549999999999,28.6,High Margin
Amarilla,Government,Canada,2014,August,552.0,193200.0,9660.0,183540.0,143520.0,40020.0,21.8,High Margin
Amarilla,Government,Canada,2013,October,1228.0,429800.0,21490.0,408310.0,319280.0,89030.0,21.8,High Margin
Carretera,Midmarket,Canada,2014,June,2844.0,42660.0,2559.6,40100.4,28440.0,11660.400000000001,29.08,High Margin
Montana,Government,Germany,2014,May,1460.0,511000.0,30660.0,480340.0,379600.0,100740.0,20.97,High Margin
Montana,Government,France,2013,October,3160.0,44961.0,2697.66,42263.34,24585.0,17678.339999999997,41.83,High Margin
Paseo,Channel Partners,Canada,2013,October,2299.0,27588.0,1655.28,25932.72,6897.0,19035.72,73.4,High Margin
Velo,Small Business,France,2013,October,1221.0,366300.0,21978.0,344322.0,305250.0,39072.0,11.35,Medium Margin
VTT,Government,Mexico,2013,November,1123.0,22460.0,1347.6,21112.4,11230.0,9882.400000000001,46.81,High Margin
Carretera,Channel Partners,Canada,2014,August,1884.0,22608.0,1582.56,21025.44,5652.0,15373.439999999999,73.12,High Margin
Paseo,Government,France,2013,September,1031.0,7217.0,505.19,6711.81,5155.0,1556.8100000000004,23.2,High Margin
Velo,Government,Canada,2014,December,1582.0,11074.0,775.18,10298.82,7910.0,2388.8199999999997,23.2,High Margin
Amarilla,Government,Canada,2014,June,1843.0,22105.0,1688.9499999999998,20416.050000000003,12755.0,7661.050000000001,37.52,High Margin
Paseo,Small Business,France,2014,June,448.0,134400.0,9408.0,124992.0,112000.0,12992.0,10.39,Medium Margin
Paseo,Channel Partners,Mexico,2013,November,2763.0,33156.0,2320.92,30835.08,8289.0,22546.08,73.12,High Margin
Velo,Small Business,France,2014,July,1659.0,497700.0,34839.0,462861.0,414750.0,48111.0,10.39,Medium Margin
Amarilla,Enterprise,Canada,2014,May,1645.0,205625.0,14393.75,191231.25,197400.0,-6168.75,-3.23,Low Margin
Montana,Government,United States of America,2014,June,1282.0,25640.0,2051.2,23588.8,12820.0,10768.8,45.65,High Margin
Amarilla,Government,United States of America,2014,June,4189.0,45989.0,3679.12,42309.880000000005,27355.0,14954.880000000001,35.35,High Margin
Carretera,Enterprise,Mexico,2014,August,1540.0,192500.0,15400.0,177100.0,184800.0,-7700.0,-4.35,Low Margin
Carretera,Midmarket,France,2014,November,490.0,7350.0,588.0,6762.0,4900.0,1862.0,27.54,High Margin
Paseo,Enterprise,Mexico,2014,March,1114.0,139250.0,11140.0,128110.0,133680.0,-5570.0,-4.35,Low Margin
Paseo,Government,Germany,2014,April,1259.0,8813.0,705.04,8107.96,6295.0,1812.96,22.36,High Margin
Paseo,Government,United States of America,2014,August,678.0,4746.0,379.68,4366.32,3390.0,976.3199999999997,22.36,High Margin
Amarilla,Government,Germany,2014,June,1366.0,27320.0,2185.6,25134.4,13660.0,11474.400000000001,45.65,High Margin
Paseo,Government,Mexico,2014,January,2417.0,845950.0,76135.5,769814.5,628420.0,141394.5,18.37,Medium Margin
Paseo,Midmarket,United States of America,2014,April,3675.0,55125.0,4961.25,50163.75,36750.0,13413.75,26.74,High Margin
Paseo,Small Business,Canada,2014,June,1094.0,328200.0,29538.0,298662.0,273500.0,25162.0,8.42,Low Margin
Paseo,Enterprise,United States of America,2014,December,2797.0,349625.0,31466.25,318158.75,335640.0,-17481.25,-5.49,Low Margin
VTT,Channel Partners,United States of America,2014,January,1956.0,23472.0,2112.48,21359.52,5868.0,15491.52,72.53,High Margin
VTT,Small Business,Germany,2014,February,2659.0,797700.0,71793.0,725907.0,664750.0,61157.0,8.42,Low Margin
VTT,Channel Partners,France,2013,September,2234.0,26808.0,2412.72,24395.28,6702.0,17693.28,72.53,High Margin
VTT,Enterprise,Mexico,2014,November,877.0,109625.0,9866.25,99758.75,105240.0,-5481.25,-5.49,Low Margin
Amarilla,Government,Canada,2014,October,4003.0,463288.0,42270.06,421017.94,343610.0,77407.94,18.39,Medium Margin
Carretera,Government,Germany,2014,May,663.0,13260.0,1193.4,12066.6,6630.0,5436.6,45.05,High Margin
Velo,Channel Partners,France,2014,March,1967.0,23604.0,2124.36,21479.64,5901.0,15578.64,72.53,High Margin
VTT,Government,Mexico,2014,December,1754.0,28307.0,3287.43,25019.57,14935.0,10084.57,40.31,High Margin
Amarilla,Government,Mexico,2014,June,1038.0,20760.0,1868.4,18891.6,10380.0,8511.599999999999,45.05,High Margin
Carretera,Channel Partners,United States of America,2013,October,386.0,4632.0,463.2,4168.8,1158.0,3010.8,72.22,High Margin
Montana,Midmarket,France,2014,December,2072.0,31080.0,3108.0,27972.0,20720.0,7252.0,25.93,High Margin
Paseo,Government,France,2014,March,1954.0,39080.0,3908.0,35172.0,19540.0,15632.0,44.44,High Margin
Velo,Midmarket,United States of America,2014,May,790.0,11850.0,1185.0,10665.0,7900.0,2765.0,25.93,High Margin
VTT,Small Business,United States of America,2013,October,2294.0,688200.0,68820.0,619380.0,573500.0,45880.0,7.41,Low Margin
VTT,Midmarket,France,2013,October,2167.0,32505.0,3250.5,29254.5,21670.0,7584.5,25.93,High Margin
VTT,Government,Germany,2013,December,1870.0,654500.0,65450.0,589050.0,486200.0,102850.0,17.46,Medium Margin
Amarilla,Small Business,United States of America,2014,March,2993.0,897900.0,89790.0,808110.0,748250.0,59860.0,7.41,Low Margin
Carretera,Channel Partners,France,2013,October,1198.0,14376.0,1581.36,12794.64,3594.0,9200.64,71.91,High Margin
Paseo,Government,France,2014,April,2532.0,17724.0,1949.6399999999999,15774.36,12660.0,3114.3599999999997,19.74,Medium Margin
Carretera,Small Business,Germany,2014,July,2811.0,843300.0,92763.0,750537.0,702750.0,47787.0,6.37,Low Margin
Carretera,Enterprise,France,2014,October,2441.0,305125.0,33563.75,271561.25,292920.0,-21358.75,-7.87,Low Margin
Carretera,Midmarket,Canada,2013,November,1560.0,23400.0,2574.0,20826.0,15600.0,5226.0,25.09,High Margin
Montana,Midmarket,Mexico,2014,December,2157.0,32355.0,3559.05,28795.95,21570.0,7225.950000000001,25.09,High Margin
Paseo,Government,Mexico,2014,March,1122.0,22440.0,2468.4,19971.6,11220.0,8751.599999999999,43.82,High Margin
Paseo,Government,Canada,2014,August,2394.0,47880.0,5266.8,42613.2,23940.0,18673.199999999997,43.82,High Margin
Velo,Government,France,2013,September,2805.0,56100.0,6171.0,49929.0,28050.0,21879.0,43.82,High Margin
Velo,Government,Mexico,2013,October,344.0,120400.0,13244.0,107156.0,89440.0,17716.0,16.53,Medium Margin
Amarilla,Enterprise,Mexico,2013,September,947.0,118375.0,13021.25,105353.75,113640.0,-8286.25,-7.87,Low Margin
Carretera,Enterprise,Canada,2013,September,2416.0,302000.0,36240.0,265760.0,289920.0,-24160.0,-9.09,Low Margin
Carretera,Enterprise,Mexico,2014,October,2156.0,269500.0,32340.0,237160.0,258720.0,-21560.0,-9.09,Low Margin
Montana,Midmarket,United States of America,2014,March,677.0,10155.0,1218.6,8936.4,6770.0,2166.3999999999996,24.24,High Margin
Paseo,Small Business,Mexico,2014,November,2150.0,645000.0,77400.0,567600.0,537500.0,30100.0,5.3,Low Margin
Velo,Government,Mexico,2014,July,1395.0,488250.0,58590.0,429660.0,362700.0,66960.0,15.58,Medium Margin
VTT,Channel Partners,Canada,2014,May,2109.0,25308.0,3036.96,22271.04,6327.0,15944.04,71.59,High Margin
VTT,Government,Canada,2013,September,623.0,218050.0,26166.0,191884.0,161980.0,29904.0,15.58,Medium Margin
Carretera,Government,France,2014,January,2521.5,50430.0,6051.6,44378.399999999994,25215.0,19163.399999999998,43.18,High Margin
VTT,Government,Germany,2014,December,1811.0,32580.0,3948.8,28631.199999999997,16710.0,11921.199999999999,41.64,High Margin
Carretera,Government,France,2014,March,1790.0,626500.0,81445.0,545055.0,465400.0,79655.0,14.61,Medium Margin
Paseo,Government,Canada,2014,June,2632.0,921200.0,119756.0,801444.0,684320.0,117124.0,14.61,Medium Margin
Paseo,Government,Canada,2014,October,1249.0,24980.0,3247.4,21732.6,12490.0,9242.599999999999,42.53,High Margin
Paseo,Channel Partners,Germany,2014,December,1013.0,12156.0,1580.28,10575.72,3039.0,7536.719999999999,71.26,High Margin
Velo,Midmarket,France,2014,January,3997.5,59962.5,7795.125,52167.375,39975.0,12192.375,23.37,High Margin
Amarilla,Channel Partners,Mexico,2014,October,410.0,4920.0,639.6,4280.4,1230.0,3050.3999999999996,71.26,High Margin
Carretera,Government,Mexico,2014,April,2579.0,51580.0,7221.2,44358.8,25790.0,18568.800000000003,41.86,High Margin
Carretera,Government,United States of America,2014,May,1743.0,34860.0,4880.4,29979.6,17430.0,12549.599999999999,41.86,High Margin
Carretera,Government,United States of America,2013,October,2996.0,20972.0,2936.08,18035.92,14980.0,3055.9199999999983,16.94,Medium Margin
Montana,Government,United States of America,2013,October,2996.0,20972.0,2936.08,18035.92,14980.0,3055.9199999999983,16.94,Medium Margin
Carretera,Midmarket,Germany,2014,November,1513.0,22695.0,3177.3,19517.7,15130.0,4387.700000000001,22.48,High Margin
Montana,Government,Canada,2014,January,2227.5,779625.0,109147.5,670477.5,579150.0,91327.5,13.62,Medium Margin
Montana,Midmarket,Canada,2014,December,2300.0,34500.0,4830.0,29670.0,23000.0,6670.0,22.48,High Margin
Velo,Government,United States of America,2014,April,606.0,12120.0,1696.8000000000002,10423.2,6060.0,4363.200000000001,41.86,High Margin
Velo,Small Business,Canada,2013,October,269.0,80700.0,11298.0,69402.0,67250.0,2152.0,3.1,Low Margin
Velo,Small Business,Germany,2013,November,2536.0,760800.0,106512.0,654288.0,634000.0,20288.0,3.1,Low Margin
VTT,Small Business,United States of America,2014,August,2541.0,762300.0,106722.0,655578.0,635250.0,20328.0,3.1,Low Margin
VTT,Small Business,United States of America,2014,October,1010.0,303000.0,42420.0,260580.0,252500.0,8080.0,3.1,Low Margin
Amarilla,Enterprise,United States of America,2014,May,2844.0,355500.0,49770.0,305730.0,341280.0,-35550.0,-11.63,Low Margin
Amarilla,Midmarket,Canada,2013,October,1743.0,26145.0,3660.3,22484.7,17430.0,5054.700000000001,22.48,High Margin
Carretera,Enterprise,France,2014,August,1174.0,146750.0,22012.5,124737.5,140880.0,-16142.5,-12.94,Low Margin
Carretera,Enterprise,Germany,2014,August,2767.0,345875.0,51881.25,293993.75,332040.0,-38046.25,-12.94,Low Margin
Carretera,Enterprise,Germany,2014,October,1085.0,135625.0,20343.75,115281.25,130200.0,-14918.75,-12.94,Low Margin
Montana,Small Business,Mexico,2014,October,546.0,163800.0,24570.0,139230.0,136500.0,2730.0,1.96,Low Margin
Paseo,Government,Germany,2014,March,1158.0,23160.0,3474.0,19686.0,11580.0,8106.0,41.18,High Margin
Paseo,Government,Mexico,2014,April,2535.0,17745.0,2661.75,15083.25,12675.0,2408.25,15.97,Medium Margin
Paseo,Enterprise,Germany,2014,October,1085.0,135625.0,20343.75,115281.25,130200.0,-14918.75,-12.94,Low Margin
Paseo,Government,United States of America,2013,November,2007.0,702450.0,105367.5,597082.5,521820.0,75262.5,12.61,Medium Margin
Velo,Channel Partners,Mexico,2014,March,500.0,6000.0,900.0,5100.0,1500.0,3600.0,70.59,High Margin
Velo,Small Business,United States of America,2013,November,2574.0,772200.0,115830.0,656370.0,643500.0,12870.0,1.96,Low Margin
Carretera,Government,Germany,2014,January,1321.0,26420.0,0.0,26420.0,13210.0,13210.0,50.0,High Margin
Carretera,Midmarket,France,2014,June,2178.0,32670.0,0.0,32670.0,21780.0,10890.0,33.33,High Margin
Carretera,Midmarket,Germany,2014,June,888.0,13320.0,0.0,13320.0,8880.0,4440.0,33.33,High Margin
Montana,Government,France,2014,June,1899.0,37980.0,0.0,37980.0,18990.0,18990.0,50.0,High Margin
Montana,Channel Partners,Germany,2014,June,1545.0,18540.0,0.0,18540.0,4635.0,13905.0,75.0,High Margin
Montana,Enterprise,Canada,2014,July,2665.5,333187.5,0.0,333187.5,319860.0,13327.5,4.0,Low Margin
Montana,Midmarket,United States of America,2014,December,615.0,9225.0,0.0,9225.0,6150.0,3075.0,33.33,High Margin
Paseo,Channel Partners,Germany,2014,July,367.0,4404.0,0.0,4404.0,1101.0,3303.0,75.0,High Margin
Paseo,Midmarket,Canada,2013,December,2152.0,32280.0,0.0,32280.0,21520.0,10760.0,33.33,High Margin
Paseo,Government,Germany,2014,December,3044.0,560170.0,3674.4,556495.6,408690.0,147805.6,26.56,High Margin
Velo,Channel Partners,Germany,2014,June,1545.0,18540.0,0.0,18540.0,4635.0,13905.0,75.0,High Margin
Velo,Enterprise,United States of America,2014,August,2821.0,352625.0,0.0,352625.0,338520.0,14105.0,4.0,Low Margin
Velo,Enterprise,Canada,2013,October,345.0,43125.0,0.0,43125.0,41400.0,1725.0,4.0,Low Margin
VTT,Small Business,Canada,2014,February,2001.0,600300.0,0.0,600300.0,500250.0,100050.0,16.67,Medium Margin
VTT,Midmarket,France,2014,June,2178.0,32670.0,0.0,32670.0,21780.0,10890.0,33.33,High Margin
VTT,Small Business,France,2014,September,2151.0,645300.0,0.0,645300.0,537750.0,107550.0,16.67,Medium Margin
Amarilla,Government,France,2014,June,3089.0,46310.0,1082.9,45227.1,24940.0,20287.1,44.86,High Margin
Amarilla,Channel Partners,United States of America,2014,August,2141.0,25692.0,0.0,25692.0,6423.0,19269.0,75.0,High Margin
Paseo,Government,France,2014,May,1030.0,7210.0,72.1,7137.9,5150.0,1987.8999999999996,27.85,High Margin
Carretera,Government,United States of America,2014,July,2529.0,17703.0,177.03,17525.97,12645.0,4880.969999999999,27.85,High Margin
Carretera,Enterprise,United States of America,2013,September,330.0,41250.0,412.5,40837.5,39600.0,1237.5,3.03,Low Margin
Carretera,Small Business,Mexico,2013,October,494.0,148200.0,1482.0,146718.0,123500.0,23218.0,15.82,Medium Margin
Carretera,Government,France,2014,December,4642.0,771659.0,8412.95,763246.05,572735.0,190511.05,24.96,High Margin
Montana,Midmarket,Mexico,2014,March,2214.0,33210.0,332.1,32877.9,22140.0,10737.900000000001,32.66,High Margin
Montana,Small Business,United States of America,2014,April,2301.0,690300.0,6903.0,683397.0,575250.0,108147.0,15.82,Medium Margin
Paseo,Midmarket,United States of America,2014,February,1514.0,22710.0,227.1,22482.9,15140.0,7342.9000000000015,32.66,High Margin
Paseo,Enterprise,France,2014,June,787.0,98375.0,983.75,97391.25,94440.0,2951.25,3.03,Low Margin
Paseo,Government,France,2014,December,2448.0,760110.0,8421.5,751688.5,563230.0,188458.5,25.07,High Margin
Velo,Government,Mexico,2014,May,362.0,2534.0,25.34,2508.66,1810.0,698.6599999999999,27.85,High Margin
VTT,Government,Germany,2014,March,263.0,1841.0,18.41,1822.59,1315.0,507.5899999999999,27.85,High Margin
VTT,Enterprise,France,2014,November,1744.0,218000.0,2180.0,215820.0,209280.0,6540.0,3.03,Low Margin
Amarilla,Channel Partners,United States of America,2013,September,1989.0,23868.0,238.68,23629.32,5967.0,17662.32,74.75,High Margin
Amarilla,Midmarket,France,2013,November,321.0,4815.0,48.15,4766.85,3210.0,1556.8500000000004,32.66,High Margin
Paseo,Channel Partners,United States of America,2014,June,1142.0,13704.0,274.08,13429.92,3426.0,10003.92,74.49,High Margin
Paseo,Enterprise,Germany,2013,October,809.0,101125.0,2022.5,99102.5,97080.0,2022.5,2.04,Low Margin
Paseo,Midmarket,United States of America,2013,December,1925.0,28875.0,577.5,28297.5,19250.0,9047.5,31.97,High Margin
Velo,Enterprise,Germany,2013,October,809.0,101125.0,2022.5,99102.5,97080.0,2022.5,2.04,Low Margin
Velo,Channel Partners,France,2014,December,1055.0,12660.0,253.2,12406.8,3165.0,9241.8,74.49,High Margin
Velo,Channel Partners,Mexico,2014,December,1084.0,13008.0,260.16,12747.84,3252.0,9495.84,74.49,High Margin
VTT,Enterprise,Mexico,2014,June,662.0,82750.0,1655.0,81095.0,79440.0,1655.0,2.04,Low Margin
Amarilla,Government,United States of America,2014,November,1236.0,24720.0,494.4,24225.6,12360.0,11865.599999999999,48.98,High Margin
Carretera,Government,Germany,2014,April,2580.0,51600.0,1548.0,50052.0,25800.0,24252.0,48.45,High Margin
Montana,Enterprise,Germany,2014,December,1706.0,213250.0,6397.5,206852.5,204720.0,2132.5,1.03,Low Margin
Paseo,Enterprise,Canada,2014,October,2009.0,251125.0,7533.75,243591.25,241080.0,2511.25,1.03,Low Margin
VTT,Midmarket,Germany,2013,October,1945.0,29175.0,875.25,28299.75,19450.0,8849.75,31.27,High Margin
Paseo,Government,Mexico,2013,September,1760.0,12320.0,369.6,11950.4,8800.0,3150.3999999999996,26.36,High Margin
Velo,Government,Canada,2014,April,3850.5,77010.0,2310.3,74699.70000000001,38505.0,36194.700000000004,48.45,High Margin
Carretera,Government,Canada,2013,October,2851.0,19957.0,798.28,19158.72,14255.0,4903.720000000001,25.6,High Margin
Montana,Midmarket,Canada,2014,March,1967.0,29505.0,1180.2,28324.8,19670.0,8654.8,30.56,High Margin
Paseo,Small Business,Germany,2014,April,1414.5,424350.0,16974.0,407376.0,353625.0,53751.0,13.19,Medium Margin
Paseo,Midmarket,Mexico,2013,October,1514.0,22710.0,908.4,21801.6,15140.0,6661.5999999999985,30.56,High Margin
Paseo,Enterprise,Mexico,2014,December,1138.0,142250.0,5690.0,136560.0,136560.0,0.0,0.0,Low Margin
Velo,Government,France,2014,October,4153.0,801470.0,33244.4,768225.6,585780.0,182445.6,23.75,High Margin
Montana,Government,Germany,2013,October,4151.0,67953.0,6988.049999999999,60964.95,35715.0,25249.949999999997,41.42,High Margin
Paseo,Government,Canada,2013,September,2349.0,16443.0,822.15,15620.85,11745.0,3875.8500000000004,24.81,High Margin
Carretera,Government,France,2014,May,1563.0,31260.0,1563.0,29697.0,15630.0,14067.0,47.37,High Margin
Carretera,Small Business,United States of America,2014,June,991.0,297300.0,14865.0,282435.0,247750.0,34685.0,12.28,Medium Margin
Montana,Government,Mexico,2013,September,720.0,252000.0,12600.0,239400.0,187200.0,52200.0,21.8,High Margin
Paseo,Government,France,2014,February,1303.0,26060.0,1303.0,24757.0,13030.0,11727.0,47.37,High Margin
Paseo,Enterprise,United States of America,2014,March,2992.0,374000.0,18700.0,355300.0,359040.0,-3740.0,-1.05,Low Margin
Paseo,Government,Canada,2013,December,1802.0,36040.0,1802.0,34238.0,18020.0,16218.0,47.37,High Margin
Paseo,Midmarket,Germany,2013,December,2116.0,31740.0,1587.0,30153.0,21160.0,8993.0,29.82,High Margin
Velo,Midmarket,United States of America,2014,January,555.0,8325.0,416.25,7908.75,5550.0,2358.75,29.82,High Margin
Velo,Government,France,2014,August,1579.0,31580.0,1579.0,30001.0,15790.0,14211.0,47.37,High Margin
Velo,Enterprise,United States of America,2014,October,861.0,107625.0,5381.25,102243.75,103320.0,-1076.25,-1.05,Low Margin
Velo,Enterprise,France,2013,October,704.0,88000.0,4400.0,83600.0,84480.0,-880.0,-1.05,Low Margin
Velo,Small Business,Germany,2014,December,1250.0,375000.0,18750.0,356250.0,312500.0,43750.0,12.28,Medium Margin
Paseo,Midmarket,France,2014,April,3801.0,57015.0,3420.8999999999996,53594.100000000006,38010.0,15584.100000000002,29.08,High Margin
Carretera,Government,United States of America,2014,January,1117.5,22350.0,1341.0,21009.0,11175.0,9834.0,46.81,High Margin
Carretera,Government,United States of America,2013,November,263.0,1841.0,110.46,1730.54,1315.0,415.53999999999996,24.01,High Margin
Montana,Channel Partners,United States of America,2014,November,2723.0,32676.0,1960.56,30715.44,8169.0,22546.44,73.4,High Margin
Paseo,Government,United States of America,2013,October,994.0,259790.0,16068.0,243722.0,191690.0,52032.0,21.35,High Margin
Velo,Government,France,2014,June,2686.0,531930.0,32498.9,499431.1,394910.0,104521.1,20.93,High Margin
VTT,Small Business,Canada,2013,December,2436.0,730800.0,43848.0,686952.0,609000.0,77952.0,11.35,Medium Margin
Amarilla,Government,United States of America,2013,October,727.0,254450.0,15267.0,239183.0,189020.0,50163.0,20.97,High Margin
Paseo,Midmarket,Germany,2014,August,1743.0,26145.0,1568.7,24576.3,17430.0,7146.299999999999,29.08,High Margin
VTT,Channel Partners,France,2014,April,1738.5,20862.0,1460.34,19401.66,5215.5,14186.16,73.12,High Margin
Carretera,Government,United States of America,2014,March,1761.0,616350.0,43144.5,573205.5,457860.0,115345.5,20.12,High Margin
Montana,Government,France,2014,October,1976.0,39520.0,2766.4,36753.6,19760.0,16993.6,46.24,High Margin
Montana,Small Business,France,2014,October,2181.0,654300.0,45801.0,608499.0,545250.0,63249.0,10.39,Medium Margin
Paseo,Midmarket,United States of America,2013,September,2931.0,43965.0,3077.55,40887.45,29310.0,11577.449999999997,28.32,High Margin
Paseo,Government,France,2014,September,1535.0,30700.0,2149.0,28551.0,15350.0,13201.0,46.24,High Margin
Paseo,Small Business,Canada,2013,November,1404.0,421200.0,29484.0,391716.0,351000.0,40716.0,10.39,Medium Margin
Paseo,Government,Germany,2013,December,2125.0,14875.0,1041.25,13833.75,10625.0,3208.75,23.2,High Margin
Velo,Government,Germany,2013,December,588.0,11760.0,823.2,10936.8,5880.0,5056.799999999999,46.24,High Margin
VTT,Channel Partners,Canada,2014,January,3244.5,38934.0,2725.38,36208.62,9733.5,26475.120000000003,73.12,High Margin
VTT,Small Business,France,2014,February,959.0,287700.0,20139.0,267561.0,239750.0,27811.0,10.39,Medium Margin
Amarilla,Government,Canada,2014,November,1118.0,22360.0,1565.2,20794.8,11180.0,9614.8,46.24,High Margin
Amarilla,Small Business,United States of America,2014,December,1372.0,411600.0,28812.0,382788.0,343000.0,39788.0,10.39,Medium Margin
Montana,Government,Canada,2014,February,488.0,3416.0,273.28,3142.7200000000003,2440.0,702.7200000000003,22.36,High Margin
Carretera,Government,Mexico,2014,December,1883.0,480347.0,38464.23,441882.77,356725.0,85157.77,19.27,Medium Margin
Montana,Midmarket,France,2014,March,2501.0,37515.0,3001.2,34513.8,25010.0,9503.800000000003,27.54,High Margin
Montana,Government,Germany,2014,July,645.0,12900.0,1032.0,11868.0,6450.0,5418.0,45.65,High Margin
Montana,Small Business,France,2014,August,1562.0,468600.0,37488.0,431112.0,390500.0,40612.0,9.42,Low Margin
Montana,Midmarket,Germany,2014,December,711.0,10665.0,853.2,9811.8,7110.0,2701.7999999999993,27.54,High Margin
Paseo,Government,Germany,2014,May,1095.0,7665.0,613.2,7051.8,5475.0,1576.8000000000002,22.36,High Margin
Paseo,Small Business,Mexico,2014,June,2460.0,738000.0,59040.0,678960.0,615000.0,63960.0,9.42,Low Margin
Paseo,Government,Germany,2013,September,2409.0,16863.0,1349.04,15513.96,12045.0,3468.959999999999,22.36,High Margin
Paseo,Government,Germany,2014,September,1934.0,38680.0,3094.4,35585.6,19340.0,16245.599999999999,45.65,High Margin
Paseo,Government,Mexico,2014,September,2993.0,59860.0,4788.8,55071.2,29930.0,25141.199999999997,45.65,High Margin
Paseo,Government,Mexico,2013,December,1946.0,13622.0,1089.76,12532.24,9730.0,2802.24,22.36,High Margin
Paseo,Government,Mexico,2014,December,2595.0,501360.0,41095.2,460264.8,366450.0,93814.8,20.38,High Margin
Velo,Channel Partners,Canada,2014,March,598.0,7176.0,574.08,6601.92,1794.0,4807.92,72.83,High Margin
Velo,Small Business,France,2013,November,386.0,115800.0,9264.0,106536.0,96500.0,10036.0,9.42,Low Margin
VTT,Government,France,2014,April,574.5,201075.0,16086.0,184989.0,149370.0,35619.0,19.25,Medium Margin
VTT,Small Business,Canada,2014,September,2134.0,640200.0,51216.0,588984.0,533500.0,55484.0,9.42,Low Margin
Amarilla,Government,Germany,2014,November,1520.0,30400.0,2432.0,27968.0,15200.0,12768.0,45.65,High Margin
Amarilla,Midmarket,Germany,2014,December,711.0,10665.0,853.2,9811.8,7110.0,2701.7999999999993,27.54,High Margin
Amarilla,Channel Partners,Mexico,2013,December,1375.0,16500.0,1320.0,15180.0,4125.0,11055.0,72.83,High Margin
Amarilla,Small Business,Mexico,2014,December,635.0,190500.0,15240.0,175260.0,158750.0,16510.0,9.42,Low Margin
VTT,Government,United States of America,2014,July,436.5,8730.0,698.4000000000001,8031.599999999999,4365.0,3666.5999999999995,45.65,High Margin
Carretera,Small Business,Canada,2014,June,1094.0,328200.0,29538.0,298662.0,273500.0,25162.0,8.42,Low Margin
Montana,Government,Canada,2013,December,1611.0,11277.0,1014.93,10262.07,8055.0,2207.0699999999997,21.51,High Margin
Paseo,Channel Partners,Mexico,2013,October,367.0,4404.0,396.36,4007.64,1101.0,2906.64,72.53,High Margin
Paseo,Small Business,France,2014,November,1324.0,397200.0,35748.0,361452.0,331000.0,30452.0,8.42,Low Margin
Paseo,Channel Partners,Germany,2013,November,1775.0,21300.0,1917.0,19383.0,5325.0,14058.0,72.53,High Margin
Velo,Government,Germany,2014,July,1307.0,457450.0,41170.5,416279.5,339820.0,76459.5,18.37,Medium Margin
Velo,Enterprise,Mexico,2014,September,2110.0,263750.0,23737.5,240012.5,253200.0,-13187.5,-5.49,Low Margin
VTT,Government,United States of America,2014,April,1351.5,473025.0,42572.25,430452.75,351390.0,79062.75,18.37,Medium Margin
VTT,Midmarket,France,2014,October,1227.0,18405.0,1656.45,16748.55,12270.0,4478.549999999999,26.74,High Margin
Amarilla,Midmarket,Germany,2013,November,970.0,14550.0,1309.5,13240.5,9700.0,3540.5,26.74,High Margin
Amarilla,Government,Mexico,2014,November,1694.0,33880.0,3049.2,30830.8,16940.0,13890.8,45.05,High Margin
VTT,Government,France,2013,November,2682.0,53640.0,4827.6,48812.4,26820.0,21992.4,45.05,High Margin
Amarilla,Channel Partners,France,2013,December,306.0,3672.0,330.48,3341.52,918.0,2423.52,72.53,High Margin
Velo,Small Business,United States of America,2013,October,2294.0,688200.0,68820.0,619380.0,573500.0,45880.0,7.41,Low Margin
Velo,Small Business,France,2014,December,853.0,255900.0,25590.0,230310.0,213250.0,17060.0,7.41,Low Margin
Amarilla,Enterprise,United States of America,2014,January,579.0,72375.0,7237.5,65137.5,69480.0,-4342.5,-6.67,Low Margin
Velo,Channel Partners,Germany,2014,October,472.0,5664.0,623.04,5040.96,1416.0,3624.96,71.91,High Margin
VTT,Government,United States of America,2014,March,1579.0,11053.0,1215.83,9837.17,7895.0,1942.17,19.74,Medium Margin
VTT,Channel Partners,Mexico,2013,September,1005.0,12060.0,1326.6,10733.4,3015.0,7718.4,71.91,High Margin
Carretera,Government,Germany,2014,March,792.0,277200.0,30492.0,246708.0,205920.0,40788.0,16.53,Medium Margin
Carretera,Government,Mexico,2013,November,2706.0,18942.0,2083.62,16858.38,13530.0,3328.380000000001,19.74,Medium Margin
Montana,Government,Germany,2014,January,766.0,268100.0,29491.0,238609.0,199160.0,39449.0,16.53,Medium Margin
Paseo,Channel Partners,Canada,2014,July,4026.0,48312.0,5314.32,42997.68,12078.0,30919.68,71.91,High Margin
Paseo,Channel Partners,France,2014,July,2425.5,29106.0,3201.66,25904.340000000004,7276.5,18627.840000000004,71.91,High Margin
Paseo,Enterprise,France,2014,October,2441.0,305125.0,33563.75,271561.25,292920.0,-21358.75,-7.87,Low Margin
Paseo,Small Business,Canada,2014,November,1366.0,409800.0,45078.0,364722.0,341500.0,23222.0,6.37,Low Margin
VTT,Channel Partners,France,2014,January,1734.0,20808.0,2288.88,18519.12,5202.0,13317.119999999999,71.91,High Margin
Carretera,Midmarket,Canada,2014,November,2689.0,40335.0,4840.2,35494.8,26890.0,8604.800000000003,24.24,High Margin
Paseo,Small Business,United States of America,2014,January,3495.0,1048500.0,125820.0,922680.0,873750.0,48930.0,5.3,Low Margin
VTT,Government,France,2014,March,1491.0,10437.0,1252.44,9184.56,7455.0,1729.5599999999995,18.83,Medium Margin
Amarilla,Channel Partners,Canada,2013,September,2761.0,33132.0,3975.84,29156.16,8283.0,20873.16,71.59,High Margin
Montana,Channel Partners,Mexico,2014,June,604.0,7248.0,942.24,6305.76,1812.0,4493.76,71.26,High Margin
Paseo,Small Business,Germany,2014,January,807.0,242100.0,31473.0,210627.0,201750.0,8877.0,4.21,Low Margin
Paseo,Government,Germany,2014,February,2708.0,54160.0,7040.8,47119.2,27080.0,20039.199999999997,42.53,High Margin
Paseo,Enterprise,Canada,2014,June,1583.0,197875.0,25723.75,172151.25,189960.0,-17808.75,-10.34,Low Margin
Paseo,Channel Partners,Mexico,2014,July,571.0,6852.0,890.76,5961.24,1713.0,4248.24,71.26,High Margin
Paseo,Midmarket,Canada,2014,October,1565.0,23475.0,3051.75,20423.25,15650.0,4773.25,23.37,High Margin
Velo,Midmarket,Germany,2013,September,660.0,9900.0,1287.0,8613.0,6600.0,2013.0,23.37,High Margin
Velo,Small Business,Mexico,2013,November,2605.0,781500.0,101595.0,679905.0,651250.0,28655.0,4.21,Low Margin
Amarilla,Enterprise,Canada,2014,January,1659.0,207375.0,26958.75,180416.25,199080.0,-18663.75,-10.34,Low Margin
Amarilla,Channel Partners,Germany,2013,December,1770.0,21240.0,2761.2,18478.8,5310.0,13168.8,71.26,High Margin
Paseo,Midmarket,United States of America,2014,September,1767.0,26505.0,3710.7,22794.3,17670.0,5124.299999999999,22.48,High Margin
Amarilla,Channel Partners,France,2014,October,1393.0,16716.0,2340.24,14375.76,4179.0,10196.76,70.93,High Margin
Amarilla,Channel Partners,United States of America,2013,December,2015.0,24180.0,3385.2,20794.8,6045.0,14749.8,70.93,High Margin
Carretera,Small Business,Canada,2014,October,1496.0,448800.0,62832.0,385968.0,374000.0,11968.0,3.1,Low Margin
Carretera,Small Business,United States of America,2014,October,1010.0,303000.0,42420.0,260580.0,252500.0,8080.0,3.1,Low Margin
Montana,Government,Germany,2014,April,1199.0,419650.0,58751.0,360899.0,311740.0,49159.0,13.62,Medium Margin
Montana,Government,Canada,2014,May,200.0,70000.0,9800.0,60200.0,52000.0,8200.0,13.62,Medium Margin
Montana,Government,Canada,2014,September,388.0,2716.0,380.24,2335.76,1940.0,395.7600000000002,16.94,Medium Margin
Paseo,Government,Mexico,2014,February,260.0,5200.0,728.0,4472.0,2600.0,1872.0,41.86,High Margin
Paseo,Midmarket,Canada,2013,September,2470.0,37050.0,5187.0,31863.0,24700.0,7163.0,22.48,High Margin
Paseo,Channel Partners,United States of America,2014,October,2914.0,34968.0,4895.52,30072.48,8742.0,21330.48,70.93,High Margin
Paseo,Government,Canada,2014,November,700.0,245000.0,34300.0,210700.0,182000.0,28700.0,13.62,Medium Margin
Paseo,Channel Partners,Canada,2013,November,2222.0,26664.0,3732.96,22931.04,6666.0,16265.04,70.93,High Margin
Paseo,Government,United States of America,2014,November,1177.0,411950.0,57673.0,354277.0,306020.0,48257.0,13.62,Medium Margin
Velo,Enterprise,Mexico,2014,February,1575.0,196875.0,27562.5,169312.5,189000.0,-19687.5,-11.63,Low Margin
VTT,Government,Mexico,2014,March,2903.0,20321.0,2844.94,17476.06,14515.0,2961.0600000000013,16.94,Medium Margin
Amarilla,Channel Partners,France,2014,August,2475.0,29700.0,4158.0,25542.0,7425.0,18117.0,70.93,High Margin
Amarilla,Channel Partners,United States of America,2014,October,2914.0,34968.0,4895.52,30072.48,8742.0,21330.48,70.93,High Margin
Amarilla,Government,France,2014,October,1731.0,12117.0,1696.38,10420.619999999999,8655.0,1765.619999999999,16.94,Medium Margin
Paseo,Government,Mexico,2014,May,2851.0,997850.0,149677.5,848172.5,741260.0,106912.5,12.61,Medium Margin
Paseo,Midmarket,Canada,2014,August,2559.0,38385.0,5757.75,32627.25,25590.0,7037.25,21.57,High Margin
Paseo,Midmarket,Germany,2014,October,1175.0,17625.0,2643.75,14981.25,11750.0,3231.25,21.57,High Margin
Velo,Midmarket,France,2014,May,2826.0,42390.0,6358.5,36031.5,28260.0,7771.5,21.57,High Margin
VTT,Midmarket,Germany,2014,July,492.0,7380.0,1107.0,6273.0,4920.0,1353.0,21.57,High Margin
VTT,Channel Partners,United States of America,2014,May,1806.0,21672.0,3250.8,18421.2,5418.0,13003.2,70.59,High Margin
Montana,Channel Partners,Canada,2014,June,2518.0,30216.0,0.0,30216.0,7554.0,22662.0,75.0,High Margin
Montana,Midmarket,Mexico,2014,June,2470.0,37050.0,0.0,37050.0,24700.0,12350.0,33.33,High Margin
Paseo,Government,Canada,2014,February,292.0,5840.0,0.0,5840.0,2920.0,2920.0,50.0,High Margin
Paseo,Channel Partners,Canada,2014,June,2518.0,30216.0,0.0,30216.0,7554.0,22662.0,75.0,High Margin
Paseo,Government,Canada,2013,November,1725.0,603750.0,0.0,603750.0,448500.0,155250.0,25.71,High Margin
Paseo,Government,Canada,2014,December,4669.0,1034540.0,19964.0,1014576.0,759690.0,254886.0,25.12,High Margin
Velo,Enterprise,France,2014,February,1804.0,225500.0,0.0,225500.0,216480.0,9020.0,4.0,Low Margin
Velo,Channel Partners,Germany,2014,March,2161.0,25932.0,0.0,25932.0,6483.0,19449.0,75.0,High Margin
Velo,Government,Germany,2014,June,3344.0,368466.0,1309.28,367156.72,273250.0,93906.72,25.58,High Margin
VTT,Channel Partners,Germany,2014,April,2838.0,34056.0,0.0,34056.0,8514.0,25542.0,75.0,High Margin
VTT,Midmarket,Germany,2014,June,888.0,13320.0,0.0,13320.0,8880.0,4440.0,33.33,High Margin
VTT,Government,France,2013,September,1527.0,534450.0,0.0,534450.0,397020.0,137430.0,25.71,High Margin
Amarilla,Channel Partners,United States of America,2014,April,1953.0,23436.0,0.0,23436.0,5859.0,17577.0,75.0,High Margin
Amarilla,Midmarket,United States of America,2014,December,615.0,9225.0,0.0,9225.0,6150.0,3075.0,33.33,High Margin
VTT,Government,Canada,2014,March,1326.0,9282.0,92.82,9189.18,6630.0,2559.1800000000003,27.85,High Margin
Carretera,Channel Partners,Canada,2014,September,1445.0,17340.0,173.4,17166.6,4335.0,12831.599999999999,74.75,High Margin
Montana,Government,France,2014,July,1375.5,27510.0,275.1,27234.899999999998,13755.0,13479.899999999998,49.49,High Margin
Paseo,Enterprise,United States of America,2014,June,727.0,90875.0,908.75,89966.25,87240.0,2726.25,3.03,Low Margin
Velo,Government,France,2014,April,3864.0,77280.0,772.8000000000001,76507.20000000001,38640.0,37867.200000000004,49.49,High Margin
VTT,Government,Canada,2014,April,943.5,330225.0,3302.25,326922.75,245310.0,81612.75,24.96,High Margin
VTT,Enterprise,United States of America,2014,June,727.0,90875.0,908.75,89966.25,87240.0,2726.25,3.03,Low Margin
VTT,Small Business,Mexico,2013,October,494.0,148200.0,1482.0,146718.0,123500.0,23218.0,15.82,Medium Margin
VTT,Government,Mexico,2014,October,4086.0,507773.0,5830.65,501942.35,376665.0,125277.35,24.96,High Margin
Carretera,Enterprise,Canada,2014,April,742.5,92812.5,1856.25,90956.25,89100.0,1856.25,2.04,Low Margin
Carretera,Small Business,Germany,2013,October,214.0,64200.0,1284.0,62916.0,53500.0,9416.0,14.97,Medium Margin
Carretera,Government,Canada,2014,December,2852.0,998200.0,19964.0,978236.0,741520.0,236716.0,24.2,High Margin
Montana,Enterprise,Mexico,2013,November,1660.0,207500.0,4150.0,203350.0,199200.0,4150.0,2.04,Low Margin
Paseo,Small Business,France,2014,May,918.0,275400.0,5508.0,269892.0,229500.0,40392.0,14.97,Medium Margin
Paseo,Channel Partners,Canada,2014,October,1295.0,15540.0,310.8,15229.2,3885.0,11344.2,74.49,High Margin
Paseo,Small Business,Canada,2014,December,1916.0,574800.0,11496.0,563304.0,479000.0,84304.0,14.97,Medium Margin
Velo,Government,Germany,2014,October,3118.0,1011770.0,20621.0,991149.0,750430.0,240719.0,24.29,High Margin
Velo,Enterprise,Mexico,2013,October,2145.0,268125.0,5362.5,262762.5,257400.0,5362.5,2.04,Low Margin
Velo,Government,Mexico,2013,December,544.0,10880.0,217.6,10662.4,5440.0,5222.4,48.98,High Margin
VTT,Government,Germany,2014,October,3237.0,1009470.0,20365.8,989104.2,749820.0,239284.2,24.19,High Margin
Amarilla,Small Business,Germany,2014,March,259.0,77700.0,1554.0,76146.0,64750.0,11396.0,14.97,Medium Margin
Amarilla,Enterprise,Germany,2014,May,2276.0,284500.0,5690.0,278810.0,273120.0,5690.0,2.04,Low Margin
Amarilla,Government,Germany,2013,October,4125.0,1046213.0,21167.65,1025045.35,776955.0,248090.35,24.2,High Margin
Amarilla,Small Business,Canada,2014,December,1916.0,574800.0,11496.0,563304.0,479000.0,84304.0,14.97,Medium Margin
Montana,Channel Partners,France,2014,June,1901.0,22812.0,684.36,22127.64,5703.0,16424.64,74.23,High Margin
Montana,Enterprise,France,2014,December,1287.0,160875.0,4826.25,156048.75,154440.0,1608.75,1.03,Low Margin
Paseo,Enterprise,Canada,2014,March,1774.0,221750.0,6652.5,215097.5,212880.0,2217.5,1.03,Low Margin
Paseo,Channel Partners,France,2014,June,1901.0,22812.0,684.36,22127.64,5703.0,16424.64,74.23,High Margin
Paseo,Small Business,Germany,2014,June,689.0,206700.0,6201.0,200499.0,172250.0,28249.0,14.09,Medium Margin
Paseo,Channel Partners,United States of America,2014,July,1369.5,16434.0,493.02,15940.98,4108.5,11832.48,74.23,High Margin
Paseo,Enterprise,Germany,2014,December,1706.0,213250.0,6397.5,206852.5,204720.0,2132.5,1.03,Low Margin
VTT,Small Business,United States of America,2014,February,2844.0,853200.0,25596.0,827604.0,711000.0,116604.0,14.09,Medium Margin
VTT,Channel Partners,Mexico,2014,April,1916.0,22992.0,689.76,22302.24,5748.0,16554.24,74.23,High Margin
VTT,Government,Mexico,2014,August,1642.0,574700.0,17241.0,557459.0,426920.0,130539.0,23.42,High Margin
Carretera,Government,Canada,2014,May,831.0,16620.0,498.6,16121.4,8310.0,7811.4,48.45,High Margin
VTT,Channel Partners,Germany,2014,January,2479.0,29748.0,892.44,28855.56,7437.0,21418.56,74.23,High Margin
Montana,Midmarket,Mexico,2014,October,2031.0,30465.0,1218.6,29246.4,20310.0,8936.400000000001,30.56,High Margin
Paseo,Midmarket,Mexico,2014,October,2031.0,30465.0,1218.6,29246.4,20310.0,8936.400000000001,30.56,High Margin
Paseo,Enterprise,France,2014,July,2988.0,373500.0,14940.0,358560.0,358560.0,0.0,0.0,Low Margin
Paseo,Government,Canada,2014,September,2074.0,41480.0,1659.2,39820.8,20740.0,19080.800000000003,47.92,High Margin
Paseo,Government,United States of America,2014,September,1056.0,21120.0,844.8,20275.2,10560.0,9715.2,47.92,High Margin
Paseo,Government,United States of America,2014,December,2937.0,149160.0,6499.0,142661.0,97870.0,44791.0,31.4,High Margin
Velo,Channel Partners,United States of America,2014,March,1465.0,17580.0,703.2,16876.8,4395.0,12481.8,73.96,High Margin
VTT,Government,France,2014,October,2177.0,761950.0,30478.0,731472.0,566020.0,165452.0,22.62,High Margin
VTT,Midmarket,Mexico,2013,October,1514.0,22710.0,908.4,21801.6,15140.0,6661.5999999999985,30.56,High Margin
Amarilla,Government,Mexico,2014,February,1865.0,652750.0,26110.0,626640.0,484900.0,141740.0,22.62,High Margin
Amarilla,Government,Germany,2014,September,1907.0,667450.0,26698.0,640752.0,495820.0,144932.0,22.62,High Margin
Amarilla,Midmarket,United States of America,2013,October,671.0,10065.0,402.6,9662.4,6710.0,2952.3999999999996,30.56,High Margin
Amarilla,Government,Canada,2013,December,1778.0,622300.0,24892.0,597408.0,462280.0,135128.0,22.62,High Margin
Carretera,Channel Partners,Germany,2014,February,1116.0,13392.0,669.6,12722.4,3348.0,9374.4,73.68,High Margin
Carretera,Midmarket,Mexico,2014,November,2791.0,41865.0,2093.25,39771.75,27910.0,11861.75,29.82,High Margin
Montana,Government,France,2014,January,1384.5,484575.0,24228.75,460346.25,359970.0,100376.25,21.8,High Margin
Montana,Enterprise,United States of America,2014,July,3627.0,453375.0,22668.75,430706.25,435240.0,-4533.75,-1.05,Low Margin
Paseo,Enterprise,France,2014,March,2385.0,298125.0,14906.25,283218.75,286200.0,-2981.25,-1.05,Low Margin
Paseo,Small Business,Mexico,2014,April,1607.0,482100.0,24105.0,457995.0,401750.0,56245.0,12.28,Medium Margin
Paseo,Government,United States of America,2014,May,2327.0,16289.0,814.45,15474.55,11635.0,3839.5499999999993,24.81,High Margin
Paseo,Small Business,United States of America,2014,June,991.0,297300.0,14865.0,282435.0,247750.0,34685.0,12.28,Medium Margin
Paseo,Enterprise,United States of America,2014,October,861.0,107625.0,5381.25,102243.75,103320.0,-1076.25,-1.05,Low Margin
VTT,Government,Canada,2013,October,1389.0,27780.0,1389.0,26391.0,13890.0,12501.0,47.37,High Margin
Amarilla,Government,Germany,2014,February,1350.0,472500.0,23625.0,448875.0,351000.0,97875.0,21.8,High Margin
Carretera,Channel Partners,Canada,2013,October,2299.0,27588.0,1655.28,25932.72,6897.0,19035.72,73.4,High Margin
Carretera,Midmarket,United States of America,2014,November,2030.0,30450.0,1827.0,28623.0,20300.0,8323.0,29.08,High Margin
Velo,Enterprise,Canada,2014,February,952.0,119000.0,7140.0,111860.0,114240.0,-2380.0,-2.13,Low Margin
Velo,Midmarket,Germany,2014,May,1530.0,22950.0,1377.0,21573.0,15300.0,6273.0,29.08,High Margin
Velo,Government,France,2013,October,2076.0,726600.0,43596.0,683004.0,539760.0,143244.0,20.97,High Margin
VTT,Midmarket,Canada,2014,June,2844.0,42660.0,2559.6,40100.4,28440.0,11660.400000000001,29.08,High Margin
VTT,Government,Mexico,2014,June,1498.0,10486.0,629.16,9856.84,7490.0,2366.84,24.01,High Margin
Amarilla,Enterprise,France,2014,January,1987.5,248437.5,14906.25,233531.25,238500.0,-4968.75,-2.13,Low Margin
Amarilla,Government,Mexico,2014,September,1679.0,587650.0,35259.0,552391.0,436540.0,115851.0,20.97,High Margin
Paseo,Government,France,2013,October,1757.0,35140.0,2108.4,33031.6,17570.0,15461.599999999999,46.81,High Margin
Velo,Government,Germany,2014,August,1001.0,20020.0,1201.2,18818.8,10010.0,8808.8,46.81,High Margin
Velo,Government,Mexico,2014,November,1333.0,9331.0,559.86,8771.14,6665.0,2106.1399999999994,24.01,High Margin
Carretera,Government,Mexico,2013,September,1834.0,36680.0,2567.6,34112.4,18340.0,15772.400000000001,46.24,High Margin
Montana,Channel Partners,Mexico,2014,January,2340.0,28080.0,1965.6,26114.4,7020.0,19094.4,73.12,High Margin
Velo,Midmarket,Canada,2014,May,1262.0,18930.0,1325.1,17604.9,12620.0,4984.9000000000015,28.32,High Margin
Velo,Government,Canada,2014,June,3767.0,929145.0,120312.15,808832.85,689995.0,118837.85,14.69,Medium Margin
Velo,Government,United States of America,2014,November,547.0,3829.0,268.03,3560.9700000000003,2735.0,825.9700000000003,23.2,High Margin
Carretera,Small Business,France,2014,June,448.0,134400.0,9408.0,124992.0,112000.0,12992.0,10.39,Medium Margin
Carretera,Small Business,France,2014,October,2181.0,654300.0,45801.0,608499.0,545250.0,63249.0,10.39,Medium Margin
Montana,Enterprise,Germany,2013,November,2500.0,312500.0,21875.0,290625.0,300000.0,-9375.0,-3.23,Low Margin
Paseo,Small Business,Canada,2014,May,1702.0,510600.0,35742.0,474858.0,425500.0,49358.0,10.39,Medium Margin
Paseo,Midmarket,France,2014,August,2101.0,31515.0,2206.05,29308.95,21010.0,8298.95,28.32,High Margin
Amarilla,Enterprise,Germany,2013,September,994.0,124250.0,8697.5,115552.5,119280.0,-3727.5,-3.23,Low Margin
Paseo,Government,Canada,2014,May,257.0,1799.0,143.92,1655.08,1285.0,370.0799999999999,22.36,High Margin
Paseo,Government,Germany,2013,November,2146.0,751100.0,60088.0,691012.0,557960.0,133052.0,19.25,Medium Margin
VTT,Government,Germany,2014,June,2338.0,16366.0,1309.28,15056.72,11690.0,3366.7199999999993,22.36,High Margin
VTT,Government,France,2014,August,381.0,133350.0,10668.0,122682.0,99060.0,23622.0,19.25,Medium Margin
VTT,Government,Germany,2014,August,422.0,147700.0,11816.0,135884.0,109720.0,26164.0,19.25,Medium Margin
VTT,Small Business,United States of America,2013,December,808.0,242400.0,19392.0,223008.0,202000.0,21008.0,9.42,Low Margin
Montana,Small Business,France,2013,September,322.0,96600.0,8694.0,87906.0,80500.0,7406.0,8.42,Low Margin
Paseo,Small Business,Mexico,2014,January,2565.0,769500.0,69255.0,700245.0,641250.0,58995.0,8.42,Low Margin
Paseo,Midmarket,France,2014,October,1227.0,18405.0,1656.45,16748.55,12270.0,4478.549999999999,26.74,High Margin
Velo,Midmarket,Mexico,2014,May,245.0,3675.0,330.75,3344.25,2450.0,894.25,26.74,High Margin
Velo,Small Business,Canada,2014,July,3793.5,1138050.0,102424.5,1035625.5,948375.0,87250.5,8.42,Low Margin
Velo,Enterprise,Canada,2014,September,567.0,70875.0,6378.75,64496.25,68040.0,-3543.75,-5.49,Low Margin
Velo,Government,Canada,2014,October,1269.0,444150.0,39973.5,404176.5,329940.0,74236.5,18.37,Medium Margin
VTT,Small Business,United States of America,2014,September,1867.0,560100.0,50409.0,509691.0,466750.0,42941.0,8.42,Low Margin
Amarilla,Government,United States of America,2014,September,2071.0,724850.0,65236.5,659613.5,538460.0,121153.5,18.37,Medium Margin
Carretera,Channel Partners,Germany,2014,September,1580.0,18960.0,1706.4,17253.6,4740.0,12513.599999999999,72.53,High Margin
Amarilla,Midmarket,Canada,2014,July,1630.5,24457.5,2201.175,22256.324999999997,16305.0,5951.324999999999,26.74,High Margin
Montana,Government,United States of America,2014,September,2328.0,16296.0,1629.6,14666.4,11640.0,3026.3999999999996,20.63,High Margin
Paseo,Channel Partners,United States of America,2013,October,386.0,4632.0,463.2,4168.8,1158.0,3010.8,72.22,High Margin
Carretera,Enterprise,France,2013,December,1482.0,185250.0,18525.0,166725.0,177840.0,-11115.0,-6.67,Low Margin
Montana,Government,United States of America,2014,May,2313.0,809550.0,80955.0,728595.0,601380.0,127215.0,17.46,Medium Margin
Montana,Enterprise,United States of America,2013,November,1804.0,225500.0,22550.0,202950.0,216480.0,-13530.0,-6.67,Low Margin
Paseo,Midmarket,France,2013,October,2167.0,32505.0,3250.5,29254.5,21670.0,7584.5,25.93,High Margin
Velo,Government,France,2014,July,639.0,223650.0,22365.0,201285.0,166140.0,35145.0,17.46,Medium Margin
VTT,Midmarket,Mexico,2014,July,641.0,9615.0,961.5,8653.5,6410.0,2243.5,25.93,High Margin
VTT,Government,United States of America,2014,August,2807.0,982450.0,98245.0,884205.0,729820.0,154385.0,17.46,Medium Margin
Amarilla,Government,Canada,2014,February,2240.0,784000.0,78400.0,705600.0,582400.0,123200.0,17.46,Medium Margin
Amarilla,Channel Partners,Canada,2014,April,3520.5,42246.0,4224.6,38021.399999999994,10561.5,27459.899999999998,72.22,High Margin
Amarilla,Government,Mexico,2014,May,2039.0,40780.0,4078.0,36702.0,20390.0,16312.0,44.44,High Margin
Amarilla,Government,Canada,2014,September,707.0,247450.0,24745.0,222705.0,183820.0,38885.0,17.46,Medium Margin
Amarilla,Midmarket,France,2014,December,2072.0,31080.0,3108.0,27972.0,20720.0,7252.0,25.93,High Margin
Paseo,Channel Partners,France,2013,October,1198.0,14376.0,1581.36,12794.64,3594.0,9200.64,71.91,High Margin
Carretera,Channel Partners,Canada,2014,February,1937.0,23244.0,2556.84,20687.16,5811.0,14876.16,71.91,High Margin
Paseo,Midmarket,Mexico,2014,August,1984.0,29760.0,3273.6,26486.4,19840.0,6646.4000000000015,25.09,High Margin
Velo,Midmarket,Mexico,2013,September,655.0,9825.0,1080.75,8744.25,6550.0,2194.25,25.09,High Margin
VTT,Enterprise,Mexico,2014,January,554.0,69250.0,7617.5,61632.5,66480.0,-4847.5,-7.87,Low Margin
Montana,Small Business,France,2014,April,1773.0,531900.0,63828.0,468072.0,443250.0,24822.0,5.3,Low Margin
Montana,Government,Mexico,2014,September,2420.0,16940.0,2032.8,14907.2,12100.0,2807.2000000000007,18.83,Medium Margin
Montana,Small Business,France,2013,December,1186.0,355800.0,42696.0,313104.0,296500.0,16604.0,5.3,Low Margin
Paseo,Government,France,2014,November,1594.0,557900.0,66948.0,490952.0,414440.0,76512.0,15.58,Medium Margin
Paseo,Government,Mexico,2014,November,1197.0,418950.0,50274.0,368676.0,311220.0,57456.0,15.58,Medium Margin
VTT,Midmarket,France,2014,July,3874.5,58117.5,6974.099999999999,51143.399999999994,38745.0,12398.399999999998,24.24,High Margin
VTT,Government,United States of America,2014,October,986.0,345100.0,41412.0,303688.0,256360.0,47328.0,15.58,Medium Margin
Amarilla,Government,United States of America,2014,February,270.0,94500.0,11340.0,83160.0,70200.0,12960.0,15.58,Medium Margin
Amarilla,Government,France,2014,July,3421.5,23950.5,2874.06,21076.44,17107.5,3968.9399999999987,18.83,Medium Margin
Montana,Government,United States of America,2014,February,1298.0,9086.0,1181.18,7904.82,6490.0,1414.8199999999997,17.9,Medium Margin
Paseo,Government,United States of America,2014,February,2641.0,52820.0,6866.6,45953.4,26410.0,19543.4,42.53,High Margin
Paseo,Government,Germany,2014,November,357.0,124950.0,16243.5,108706.5,92820.0,15886.5,14.61,Medium Margin
VTT,Enterprise,Canada,2014,June,1583.0,197875.0,25723.75,172151.25,189960.0,-17808.75,-10.34,Low Margin
VTT,Midmarket,Canada,2014,October,1565.0,23475.0,3051.75,20423.25,15650.0,4773.25,23.37,High Margin
Paseo,Channel Partners,France,2014,October,1393.0,16716.0,2340.24,14375.76,4179.0,10196.76,70.93,High Margin
Carretera,Small Business,Mexico,2014,July,801.0,240300.0,33642.0,206658.0,200250.0,6408.0,3.1,Low Margin
Carretera,Enterprise,France,2013,September,1023.0,127875.0,17902.5,109972.5,122760.0,-12787.5,-11.63,Low Margin
Carretera,Midmarket,Canada,2014,December,2300.0,34500.0,4830.0,29670.0,23000.0,6670.0,22.48,High Margin
Carretera,Enterprise,Mexico,2013,December,2821.0,352625.0,49367.5,303257.5,338520.0,-35262.5,-11.63,Low Margin
Velo,Small Business,United States of America,2014,July,2460.0,738000.0,103320.0,634680.0,615000.0,19680.0,3.1,Low Margin
VTT,Government,France,2013,December,1281.0,448350.0,62769.0,385581.0,333060.0,52521.0,13.62,Medium Margin
Paseo,Midmarket,Canada,2014,April,1614.0,24210.0,3631.5,20578.5,16140.0,4438.5,21.57,High Margin
Paseo,Government,Mexico,2013,November,2151.0,752850.0,112927.5,639922.5,559260.0,80662.5,12.61,Medium Margin
Velo,Enterprise,France,2014,September,663.0,82875.0,12431.25,70443.75,79560.0,-9116.25,-12.94,Low Margin
Velo,Enterprise,United States of America,2013,December,2438.0,304750.0,45712.5,259037.5,292560.0,-33522.5,-12.94,Low Margin
VTT,Government,Canada,2014,July,865.5,17310.0,2596.5,14713.5,8655.0,6058.5,41.18,High Margin
VTT,Government,United States of America,2013,October,267.0,5340.0,801.0,4539.0,2670.0,1869.0,41.18,High Margin
VTT,Midmarket,Germany,2014,October,1175.0,17625.0,2643.75,14981.25,11750.0,3231.25,21.57,High Margin
VTT,Enterprise,Germany,2014,November,552.0,69000.0,10350.0,58650.0,66240.0,-7590.0,-12.94,Low Margin
Amarilla,Small Business,France,2014,March,2475.0,742500.0,111375.0,631125.0,618750.0,12375.0,1.96,Low Margin
Montana,Government,Mexico,2014,February,1368.0,9576.0,1436.4,8139.6,6840.0,1299.6000000000004,15.97,Medium Margin
Carretera,Government,Canada,2014,January,1618.5,32370.0,0.0,32370.0,16185.0,16185.0,50.0,High Margin
Carretera,Midmarket,Mexico,2014,June,2470.0,37050.0,0.0,37050.0,24700.0,12350.0,33.33,High Margin
Montana,Enterprise,Canada,2013,October,345.0,43125.0,0.0,43125.0,41400.0,1725.0,4.0,Low Margin
Paseo,Government,Germany,2014,June,2372.0,379420.0,2185.6,377234.4,275220.0,102014.4,27.04,High Margin
Paseo,Government,Mexico,2014,August,883.0,6181.0,0.0,6181.0,4415.0,1766.0,28.57,High Margin
Paseo,Small Business,Mexico,2013,September,788.0,236400.0,0.0,236400.0,197000.0,39400.0,16.67,Medium Margin
Paseo,Channel Partners,United States of America,2013,November,912.0,10944.0,0.0,10944.0,2736.0,8208.0,75.0,High Margin
VTT,Government,Canada,2014,December,3399.0,47414.0,775.18,46638.82,26080.0,20558.82,44.08,High Margin
Amarilla,Government,France,2014,February,2750.0,962500.0,0.0,962500.0,715000.0,247500.0,25.71,High Margin
Amarilla,Enterprise,Germany,2014,April,4219.5,527437.5,0.0,527437.5,506340.0,21097.5,4.0,Low Margin
Amarilla,Government,Germany,2014,July,1686.0,11802.0,0.0,11802.0,8430.0,3372.0,28.57,High Margin
Carretera,Channel Partners,United States of America,2014,February,1858.0,22296.0,222.96,22073.04,5574.0,16499.04,74.75,High Margin
Carretera,Channel Partners,France,2014,September,2671.0,32052.0,320.52,31731.48,8013.0,23718.48,74.75,High Margin
Carretera,Government,Mexico,2014,October,1397.0,488950.0,4889.5,484060.5,363220.0,120840.5,24.96,High Margin
Montana,Government,Canada,2014,August,1830.0,12810.0,128.1,12681.9,9150.0,3531.8999999999996,27.85,High Margin
Montana,Enterprise,United States of America,2013,October,663.0,82875.0,828.75,82046.25,79560.0,2486.25,3.03,Low Margin
Paseo,Government,United States of America,2014,April,4492.5,31447.5,314.475,31133.024999999998,22462.5,8670.524999999998,27.85,High Margin
Paseo,Midmarket,Germany,2014,September,747.0,11205.0,112.05,11092.95,7470.0,3622.9500000000007,32.66,High Margin
Paseo,Small Business,United States of America,2014,November,2905.0,871500.0,8715.0,862785.0,726250.0,136535.0,15.82,Medium Margin
Velo,Government,Canada,2013,November,2092.0,14644.0,146.44,14497.56,10460.0,4037.5599999999995,27.85,High Margin
Paseo,Midmarket,Canada,2014,February,2363.0,35445.0,708.9,34736.1,23630.0,11106.099999999999,31.97,High Margin
Paseo,Enterprise,Mexico,2014,June,662.0,82750.0,1655.0,81095.0,79440.0,1655.0,2.04,Low Margin
Paseo,Enterprise,Mexico,2013,October,2145.0,268125.0,5362.5,262762.5,257400.0,5362.5,2.04,Low Margin
Paseo,Channel Partners,France,2013,November,1785.0,21420.0,428.4,20991.6,5355.0,15636.599999999999,74.49,High Margin
Paseo,Enterprise,Canada,2014,December,2729.0,341125.0,6822.5,334302.5,327480.0,6822.5,2.04,Low Margin
Paseo,Government,United States of America,2013,December,2013.0,14091.0,281.82,13809.18,10065.0,3744.1800000000003,27.11,High Margin
Velo,Government,United States of America,2014,October,2552.0,376420.0,42038.4,334381.6,272020.0,62361.6,18.65,Medium Margin
Velo,Government,Germany,2013,October,2966.0,1038100.0,20762.0,1017338.0,771160.0,246178.0,24.2,High Margin
VTT,Small Business,Germany,2013,October,214.0,64200.0,1284.0,62916.0,53500.0,9416.0,14.97,Medium Margin
VTT,Government,Mexico,2013,December,1940.0,679000.0,13580.0,665420.0,504400.0,161020.0,24.2,High Margin
Carretera,Enterprise,France,2014,April,4243.5,530437.5,15913.125,514524.375,509220.0,5304.375,1.03,Low Margin
Carretera,Small Business,Germany,2014,June,689.0,206700.0,6201.0,200499.0,172250.0,28249.0,14.09,Medium Margin
Carretera,Channel Partners,United States of America,2014,September,1947.0,23364.0,700.92,22663.08,5841.0,16822.08,74.23,High Margin
Montana,Government,France,2014,September,544.0,3808.0,114.24,3693.76,2720.0,973.7600000000002,26.36,High Margin
Montana,Government,Germany,2013,September,1797.0,628950.0,18868.5,610081.5,467220.0,142861.5,23.42,High Margin
Paseo,Small Business,France,2014,January,2434.5,730350.0,21910.5,708439.5,608625.0,99814.5,14.09,Medium Margin
Paseo,Midmarket,Germany,2013,October,1945.0,29175.0,875.25,28299.75,19450.0,8849.75,31.27,High Margin
Paseo,Enterprise,France,2014,December,1287.0,160875.0,4826.25,156048.75,154440.0,1608.75,1.03,Low Margin
VTT,Enterprise,Germany,2014,June,1570.0,196250.0,5887.5,190362.5,188400.0,1962.5,1.03,Low Margin
VTT,Small Business,Canada,2014,August,1874.0,562200.0,16866.0,545334.0,468500.0,76834.0,14.09,Medium Margin
Velo,Government,United States of America,2013,September,736.0,14720.0,588.8,14131.2,7360.0,6771.200000000001,47.92,High Margin
Carretera,Small Business,Germany,2014,October,2021.0,606300.0,24252.0,582048.0,505250.0,76798.0,13.19,Medium Margin
Montana,Government,Canada,2013,October,2851.0,19957.0,798.28,19158.72,14255.0,4903.720000000001,25.6,High Margin
Montana,Enterprise,Mexico,2014,December,1138.0,142250.0,5690.0,136560.0,136560.0,0.0,0.0,Low Margin
Paseo,Government,Canada,2014,January,4251.0,29757.0,1190.28,28566.72,21255.0,7311.719999999999,25.6,High Margin
Paseo,Enterprise,Germany,2014,March,795.0,99375.0,3975.0,95400.0,95400.0,0.0,0.0,Low Margin
Paseo,Government,United States of America,2014,July,3450.0,1207500.0,48300.0,1159200.0,897000.0,262200.0,22.62,High Margin
Paseo,Midmarket,Canada,2014,September,218.0,3270.0,130.8,3139.2,2180.0,959.1999999999998,30.56,High Margin
Paseo,Midmarket,United States of America,2013,October,671.0,10065.0,402.6,9662.4,6710.0,2952.3999999999996,30.56,High Margin
Paseo,Government,Mexico,2014,October,3594.0,36923.0,3113.15,33809.85,22495.0,11314.849999999999,33.47,High Margin
Amarilla,Government,Mexico,2014,July,1683.0,11781.0,589.05,11191.95,8415.0,2776.9500000000007,24.81,High Margin
Carretera,Channel Partners,France,2014,February,1865.0,22380.0,1119.0,21261.0,5595.0,15666.0,73.68,High Margin
Paseo,Government,Canada,2013,October,2617.0,457580.0,22879.0,434701.0,333170.0,101531.0,23.36,High Margin
Velo,Midmarket,Mexico,2014,January,2861.0,42915.0,2145.75,40769.25,28610.0,12159.25,29.82,High Margin
Velo,Enterprise,Germany,2014,February,807.0,100875.0,5043.75,95831.25,96840.0,-1008.75,-1.05,Low Margin
Velo,Government,United States of America,2014,June,3509.0,231049.0,12162.92,218886.08000000002,171055.0,47831.08,21.85,High Margin
Velo,Government,United States of America,2014,August,2832.0,56640.0,2832.0,53808.0,28320.0,25488.0,47.37,High Margin
VTT,Government,United States of America,2013,November,1265.0,25300.0,1265.0,24035.0,12650.0,11385.0,47.37,High Margin
VTT,Government,Germany,2013,November,2297.0,45940.0,2297.0,43643.0,22970.0,20673.0,47.37,High Margin
Amarilla,Small Business,Germany,2014,December,1250.0,375000.0,18750.0,356250.0,312500.0,43750.0,12.28,Medium Margin
Carretera,Channel Partners,Mexico,2014,September,562.0,6744.0,404.64,6339.36,1686.0,4653.36,73.4,High Margin
Carretera,Enterprise,Germany,2013,December,887.0,110875.0,6652.5,104222.5,106440.0,-2217.5,-2.13,Low Margin
Montana,Government,Mexico,2014,April,980.0,343000.0,20580.0,322420.0,254800.0,67620.0,20.97,High Margin
Paseo,Government,France,2014,June,1496.0,523600.0,31416.0,492184.0,388960.0,103224.0,20.97,High Margin
Velo,Enterprise,United States of America,2014,February,2755.0,344375.0,20662.5,323712.5,330600.0,-6887.5,-2.13,Low Margin
Velo,Government,Mexico,2014,June,1498.0,10486.0,629.16,9856.84,7490.0,2366.84,24.01,High Margin
VTT,Small Business,France,2013,October,1221.0,366300.0,21978.0,344322.0,305250.0,39072.0,11.35,Medium Margin
Amarilla,Government,France,2013,October,3479.0,736421.0,44185.26,692235.74,546775.0,145460.74,21.01,High Margin
Paseo,Midmarket,United States of America,2014,August,2198.0,32970.0,1978.2,30991.8,21980.0,9011.8,29.08,High Margin
Paseo,Midmarket,United States of America,2014,October,1153.0,17295.0,1037.7,16257.3,11530.0,4727.299999999999,29.08,High Margin
VTT,Midmarket,United States of America,2014,October,1153.0,17295.0,1037.7,16257.3,11530.0,4727.299999999999,29.08,High Margin
Carretera,Channel Partners,Mexico,2014,February,727.0,8724.0,610.68,8113.32,2181.0,5932.32,73.12,High Margin
Montana,Channel Partners,France,2014,November,2342.0,28104.0,1967.28,26136.72,7026.0,19110.72,73.12,High Margin
VTT,Channel Partners,Germany,2013,September,2215.0,26580.0,1860.6,24719.4,6645.0,18074.4,73.12,High Margin
Paseo,Enterprise,Germany,2014,July,3513.0,439125.0,30738.75,408386.25,421560.0,-13173.75,-3.23,Low Margin
Paseo,Small Business,Germany,2013,September,1123.0,336900.0,23583.0,313317.0,280750.0,32567.0,10.39,Medium Margin
Velo,Government,Mexico,2014,August,609.0,12180.0,852.6,11327.4,6090.0,5237.4,46.24,High Margin
Velo,Enterprise,Germany,2014,September,2087.0,260875.0,18261.25,242613.75,250440.0,-7826.25,-3.23,Low Margin
Velo,Government,United States of America,2013,December,1421.0,28420.0,1989.4,26430.6,14210.0,12220.599999999999,46.24,High Margin
Velo,Small Business,United States of America,2014,December,1372.0,411600.0,28812.0,382788.0,343000.0,39788.0,10.39,Medium Margin
VTT,Small Business,Mexico,2014,February,2747.0,824100.0,57687.0,766413.0,686750.0,79663.0,10.39,Medium Margin
Amarilla,Government,France,2014,September,2876.0,1006600.0,70462.0,936138.0,747760.0,188378.0,20.12,High Margin
Montana,Government,Canada,2014,June,708.0,14160.0,1132.8,13027.2,7080.0,5947.200000000001,45.65,High Margin
Montana,Small Business,Canada,2013,September,1283.0,384900.0,30792.0,354108.0,320750.0,33358.0,9.42,Low Margin
Paseo,Government,Germany,2014,August,1598.0,11186.0,894.88,10291.12,7990.0,2301.120000000001,22.36,High Margin
Velo,Small Business,Mexico,2014,December,635.0,190500.0,15240.0,175260.0,158750.0,16510.0,9.42,Low Margin
Amarilla,Small Business,Mexico,2014,June,2460.0,738000.0,59040.0,678960.0,615000.0,63960.0,9.42,Low Margin
Carretera,Channel Partners,Mexico,2013,October,367.0,4404.0,396.36,4007.64,1101.0,2906.64,72.53,High Margin
Montana,Small Business,Canada,2014,April,3802.5,1140750.0,102667.5,1038082.5,950625.0,87457.5,8.42,Low Margin
Montana,Government,France,2014,May,1666.0,583100.0,52479.0,530621.0,433160.0,97461.0,18.37,Medium Margin
Montana,Channel Partners,Canada,2014,November,2321.0,27852.0,2506.68,25345.32,6963.0,18382.32,72.53,High Margin
Montana,Enterprise,France,2013,November,1857.0,232125.0,20891.25,211233.75,222840.0,-11606.25,-5.49,Low Margin
Montana,Enterprise,United States of America,2014,December,2797.0,349625.0,31466.25,318158.75,335640.0,-17481.25,-5.49,Low Margin
Montana,Small Business,Germany,2013,December,334.0,100200.0,9018.0,91182.0,83500.0,7682.0,8.42,Low Margin
VTT,Channel Partners,Germany,2014,May,880.0,10560.0,950.4,9609.6,2640.0,6969.6,72.53,High Margin
Carretera,Government,Canada,2014,July,819.0,5733.0,515.97,5217.03,4095.0,1122.03,21.51,High Margin
Paseo,Government,United States of America,2014,March,973.0,19460.0,1751.4,17708.6,9730.0,7978.5999999999985,45.05,High Margin
Paseo,Government,Mexico,2014,June,1924.0,330860.0,39080.4,291779.6,240740.0,51039.6,17.49,Medium Margin
Paseo,Government,Germany,2014,October,601.0,7340.0,708.8,6631.2,4210.0,2421.2,36.51,High Margin
Velo,Midmarket,Mexico,2014,April,2628.0,39420.0,3547.8,35872.2,26280.0,9592.199999999997,26.74,High Margin
Carretera,Enterprise,United States of America,2014,April,3445.5,430687.5,43068.75,387618.75,413460.0,-25841.25,-6.67,Low Margin
Paseo,Small Business,Mexico,2014,May,591.0,177300.0,17730.0,159570.0,147750.0,11820.0,7.41,Low Margin
Velo,Midmarket,Germany,2014,January,681.0,10215.0,1021.5,9193.5,6810.0,2383.5,25.93,High Margin
Velo,Midmarket,Germany,2014,April,510.0,7650.0,765.0,6885.0,5100.0,1785.0,25.93,High Margin
Velo,Enterprise,United States of America,2014,September,1596.0,199500.0,19950.0,179550.0,191520.0,-11970.0,-6.67,Low Margin
Velo,Government,Germany,2014,November,2665.0,18655.0,1865.5,16789.5,13325.0,3464.5,20.63,High Margin
Velo,Enterprise,Canada,2013,December,1916.0,239500.0,23950.0,215550.0,229920.0,-14370.0,-6.67,Low Margin
VTT,Enterprise,Mexico,2014,May,341.0,42625.0,4262.5,38362.5,40920.0,-2557.5,-6.67,Low Margin
VTT,Small Business,Mexico,2014,September,432.0,129600.0,12960.0,116640.0,108000.0,8640.0,7.41,Low Margin
VTT,Enterprise,Canada,2014,November,2529.0,316125.0,31612.5,284512.5,303480.0,-18967.5,-6.67,Low Margin
Amarilla,Channel Partners,Germany,2014,August,2574.0,30888.0,3088.8,27799.2,7722.0,20077.2,72.22,High Margin
Amarilla,Small Business,France,2014,December,853.0,255900.0,25590.0,230310.0,213250.0,17060.0,7.41,Low Margin
Velo,Midmarket,Canada,2014,January,384.0,5760.0,633.5999999999999,5126.4,3840.0,1286.3999999999999,25.09,High Margin
Amarilla,Midmarket,United States of America,2014,July,3199.5,47992.5,5279.174999999999,42713.325,31995.0,10718.324999999999,25.09,High Margin
Amarilla,Channel Partners,Germany,2014,October,472.0,5664.0,623.04,5040.96,1416.0,3624.96,71.91,High Margin
Paseo,Small Business,Canada,2014,January,873.0,261900.0,28809.0,233091.0,218250.0,14841.0,6.37,Low Margin
Paseo,Government,Canada,2014,July,2104.5,736575.0,81023.25,655551.75,547170.0,108381.75,16.53,Medium Margin
Paseo,Government,Germany,2013,October,2992.0,59840.0,6582.4,53257.6,29920.0,23337.6,43.82,High Margin
Velo,Government,Canada,2014,November,1808.0,12656.0,1392.16,11263.84,9040.0,2223.84,19.74,Medium Margin
VTT,Government,Canada,2013,November,2935.0,58700.0,6457.0,52243.0,29350.0,22893.0,43.82,High Margin
Amarilla,Enterprise,Germany,2014,January,3165.0,395625.0,43518.75,352106.25,379800.0,-27693.75,-7.87,Low Margin
Amarilla,Government,Mexico,2014,January,2629.0,52580.0,5783.8,46796.2,26290.0,20506.199999999997,43.82,High Margin
Amarilla,Enterprise,France,2014,May,1433.0,179125.0,19703.75,159421.25,171960.0,-12538.75,-7.87,Low Margin
Amarilla,Government,Mexico,2013,October,2071.0,132489.0,14936.46,117552.54000000001,98075.0,19477.54,16.57,Medium Margin
Amarilla,Midmarket,Mexico,2014,December,2157.0,32355.0,3559.05,28795.95,21570.0,7225.950000000001,25.09,High Margin
Paseo,Government,United States of America,2013,September,380.0,2660.0,292.6,2367.4,1900.0,467.4000000000001,19.74,Medium Margin
Carretera,Government,Mexico,2014,June,886.0,310100.0,37212.0,272888.0,230360.0,42528.0,15.58,Medium Margin
Montana,Government,Canada,2014,October,3983.0,44118.0,5543.96,38574.03999999999,26160.0,12414.039999999997,32.18,High Margin
Montana,Government,Mexico,2013,October,3442.0,46389.0,5808.46,40580.54,25785.0,14795.54,36.46,High Margin
Paseo,Enterprise,Mexico,2014,October,2156.0,269500.0,32340.0,237160.0,258720.0,-21560.0,-9.09,Low Margin
Paseo,Government,Mexico,2013,October,1715.0,34300.0,4116.0,30184.0,17150.0,13034.0,43.18,High Margin
Paseo,Small Business,Germany,2014,November,1359.0,407700.0,48924.0,358776.0,339750.0,19026.0,5.3,Low Margin
Paseo,Midmarket,Mexico,2013,December,380.0,5700.0,684.0,5016.0,3800.0,1216.0,24.24,High Margin
Velo,Government,Mexico,2014,October,905.0,18100.0,2172.0,15928.0,9050.0,6878.0,43.18,High Margin
VTT,Enterprise,United States of America,2014,November,2387.0,298375.0,35805.0,262570.0,286440.0,-23870.0,-9.09,Low Margin
Amarilla,Midmarket,United States of America,2013,November,2548.0,38220.0,4586.4,33633.6,25480.0,8153.5999999999985,24.24,High Margin
Montana,Channel Partners,Mexico,2014,May,2661.0,31932.0,3831.84,28100.16,7983.0,20117.16,71.59,High Margin
Carretera,Midmarket,United States of America,2014,June,2567.0,38505.0,5005.65,33499.35,25670.0,7829.3499999999985,23.37,High Margin
VTT,Midmarket,United States of America,2014,June,2567.0,38505.0,5005.65,33499.35,25670.0,7829.3499999999985,23.37,High Margin
Carretera,Government,Canada,2014,March,923.0,323050.0,41996.5,281053.5,239980.0,41073.5,14.61,Medium Margin
Carretera,Government,Germany,2013,September,442.0,8840.0,1149.2,7690.8,4420.0,3270.8,42.53,High Margin
Montana,Government,United States of America,2014,January,982.5,343875.0,44703.75,299171.25,255450.0,43721.25,14.61,Medium Margin
Montana,Government,Mexico,2014,July,2255.0,45100.0,5863.0,39237.0,22550.0,16687.0,42.53,High Margin
Paseo,Government,United States of America,2014,January,1438.5,10069.5,1309.035,8760.465,7192.5,1567.9649999999992,17.9,Medium Margin
Paseo,Government,France,2014,August,2696.0,18872.0,2453.36,16418.64,13480.0,2938.6399999999994,17.9,Medium Margin
Velo,Channel Partners,Mexico,2014,June,604.0,7248.0,942.24,6305.76,1812.0,4493.76,71.26,High Margin
Velo,Channel Partners,Mexico,2014,October,410.0,4920.0,639.6,4280.4,1230.0,3050.3999999999996,71.26,High Margin
Velo,Channel Partners,Germany,2014,December,1013.0,12156.0,1580.28,10575.72,3039.0,7536.719999999999,71.26,High Margin
Montana,Government,France,2014,February,293.0,2051.0,287.14,1763.8600000000001,1465.0,298.8600000000001,16.94,Medium Margin
Paseo,Midmarket,Germany,2014,February,278.0,4170.0,583.8,3586.2,2780.0,806.1999999999998,22.48,High Margin
Paseo,Government,Canada,2014,March,2428.0,48560.0,6798.4,41761.6,24280.0,17481.6,41.86,High Margin
Paseo,Midmarket,Canada,2013,October,1743.0,26145.0,3660.3,22484.7,17430.0,5054.700000000001,22.48,High Margin
Paseo,Government,France,2014,October,1731.0,12117.0,1696.38,10420.619999999999,8655.0,1765.619999999999,16.94,Medium Margin
Paseo,Government,France,2013,November,1922.0,672700.0,94178.0,578522.0,499720.0,78802.0,13.62,Medium Margin
VTT,Small Business,Canada,2013,October,269.0,80700.0,11298.0,69402.0,67250.0,2152.0,3.1,Low Margin
VTT,Small Business,Canada,2014,October,1496.0,448800.0,62832.0,385968.0,374000.0,11968.0,3.1,Low Margin
Amarilla,Small Business,Canada,2014,March,888.0,266400.0,37296.0,229104.0,222000.0,7104.0,3.1,Low Margin
Amarilla,Midmarket,Mexico,2013,November,1870.0,28050.0,3927.0,24123.0,18700.0,5423.0,22.48,High Margin
Paseo,Channel Partners,United States of America,2014,December,914.0,10968.0,1645.2,9322.8,2742.0,6580.799999999999,70.59,High Margin
Velo,Channel Partners,United States of America,2014,December,914.0,10968.0,1645.2,9322.8,2742.0,6580.799999999999,70.59,High Margin
VTT,Enterprise,Canada,2013,November,2954.0,369250.0,55387.5,313862.5,354480.0,-40617.5,-12.94,Low Margin
Amarilla,Small Business,Mexico,2014,October,546.0,163800.0,24570.0,139230.0,136500.0,2730.0,1.96,Low Margin
Paseo,Government,Canada,2014,April,723.0,5061.0,759.1500000000001,4301.85,3615.0,686.8500000000001,15.97,Medium Margin
